CREATE DATABASE QLBongDa;
GO

USE QLBongDa;
GO

CREATE TABLE TINH (
    MATINH VARCHAR(5) PRIMARY KEY,
    TENTINH NVARCHAR(100) NOT NULL
);

CREATE TABLE QUOCGIA (
    MAQG VARCHAR(5) PRIMARY KEY,
    TENQG NVARCHAR(60) NOT NULL
);

CREATE TABLE SANVD (
    MASAN VARCHAR(5) PRIMARY KEY,
    TENSAN NVARCHAR(100) NOT NULL,
    DIACHI NVARCHAR(200)
);

CREATE TABLE CAULACBO (
    MACLB VARCHAR(5) PRIMARY KEY,
    TENCLB NVARCHAR(100) NOT NULL,
    MASAN VARCHAR(5) NOT NULL,
    MATINH VARCHAR(5) NOT NULL,
    FOREIGN KEY (MASAN) REFERENCES SANVD(MASAN),
    FOREIGN KEY (MATINH) REFERENCES TINH(MATINH)
);

CREATE TABLE CAUTHU (
    MACT NUMERIC IDENTITY(1,1) PRIMARY KEY,
    HOTEN NVARCHAR(100) NOT NULL,
    VITRI NVARCHAR(20) NOT NULL,
    NGAYSINH DATETIME,
    DIACHI NVARCHAR(200),
    MACLB VARCHAR(5) NOT NULL,
    MAQG VARCHAR(5) NOT NULL,
    SO INT NOT NULL,
    FOREIGN KEY (MACLB) REFERENCES CAULACBO(MACLB),
    FOREIGN KEY (MAQG) REFERENCES QUOCGIA(MAQG),
    CONSTRAINT UQ_CAUTHU_SO UNIQUE(MACLB, SO)
);

CREATE TABLE HUANLUYENVIEN (
    MAHLV VARCHAR(5) PRIMARY KEY,
    TENHLV NVARCHAR(100) NOT NULL,
    NGAYSINH DATETIME,
    DIACHI NVARCHAR(200),
    DIENTHOAI NVARCHAR(20),
    MAQG VARCHAR(5) NOT NULL,
    FOREIGN KEY (MAQG) REFERENCES QUOCGIA(MAQG)
);

CREATE TABLE HLV_CLB (
    MAHLV VARCHAR(5),
    MACLB VARCHAR(5),
    VAITRO NVARCHAR(100) NOT NULL,
    PRIMARY KEY (MAHLV, MACLB),
    FOREIGN KEY (MAHLV) REFERENCES HUANLUYENVIEN(MAHLV),
    FOREIGN KEY (MACLB) REFERENCES CAULACBO(MACLB)
);

CREATE TABLE TRANDAU (
    MATRAN NUMERIC IDENTITY(1,1) PRIMARY KEY,
    NAM INT NOT NULL,
    VONG INT NOT NULL,
    NGAYTD DATETIME NOT NULL,
    MACLB1 VARCHAR(5) NOT NULL,
    MACLB2 VARCHAR(5) NOT NULL,
    MASAN VARCHAR(5) NOT NULL,
    KETQUA VARCHAR(5) NOT NULL,
    FOREIGN KEY (MACLB1) REFERENCES CAULACBO(MACLB),
    FOREIGN KEY (MACLB2) REFERENCES CAULACBO(MACLB),
    FOREIGN KEY (MASAN) REFERENCES SANVD(MASAN)
);

CREATE TABLE BANGXH (
    MACLB VARCHAR(5),
    NAM INT,
    VONG INT,
    SOTRAN INT NOT NULL,
    THANG INT NOT NULL,
    HOA INT NOT NULL,
    THUA INT NOT NULL,
    HIEUSO VARCHAR(5) NOT NULL,
    DIEM INT NOT NULL,
    HANG INT NOT NULL,
    PRIMARY KEY (MACLB, NAM, VONG),
    FOREIGN KEY (MACLB) REFERENCES CAULACBO(MACLB)
);
GO

INSERT INTO QUOCGIA(MAQG, TENQG) VALUES('VN', 'Việt Nam');
INSERT INTO QUOCGIA(MAQG, TENQG) VALUES('ANH', 'Anh Quốc');
INSERT INTO QUOCGIA(MAQG, TENQG) VALUES('TBN', 'Tây Ban Nha');
INSERT INTO QUOCGIA(MAQG, TENQG) VALUES('BDN', 'Bồ Đào Nha');
INSERT INTO QUOCGIA(MAQG, TENQG) VALUES('BRA', 'Bra-xin');
INSERT INTO QUOCGIA(MAQG, TENQG) VALUES('ITA', 'Ý');
INSERT INTO QUOCGIA(MAQG, TENQG) VALUES('THA', 'Thái Lan');

INSERT INTO TINH(MATINH, TENTINH) VALUES('BD', 'Bình Dương');
INSERT INTO TINH(MATINH, TENTINH) VALUES('GL', 'Gia Lai');
INSERT INTO TINH(MATINH, TENTINH) VALUES('DN', 'Đà Nẵng');
INSERT INTO TINH(MATINH, TENTINH) VALUES('KH', 'Khánh Hòa');
INSERT INTO TINH(MATINH, TENTINH) VALUES('PY', 'Phú Yên');
INSERT INTO TINH(MATINH, TENTINH) VALUES('LA', 'Long An');

INSERT INTO SANVD(MASAN,TENSAN, DIACHI) VALUES ('GD','Gò Đậu','123 QL1, TX Thủ Dầu Một, Bình Dương');
INSERT INTO SANVD(MASAN,TENSAN, DIACHI) VALUES ('PL','Pleiku','22 Hồ Tùng Mậu, Thống Nhất, Thị xã Pleiku, Gia Lai');
INSERT INTO SANVD(MASAN,TENSAN, DIACHI) VALUES ('CL','Chi Lăng','127 Võ Văn Tần, Đà Nẵng');
INSERT INTO SANVD(MASAN,TENSAN, DIACHI) VALUES ('NT','Nha Trang','128 Phan Chu Trinh, Nha Trang, Khánh Hòa');
INSERT INTO SANVD(MASAN,TENSAN, DIACHI) VALUES ('TH','Tuy Hòa','57 Trường Chinh, Tuy Hòa, Phú Yên');
INSERT INTO SANVD(MASAN,TENSAN, DIACHI) VALUES ('LA','Long An','102 Hùng Vương, Tp Tân An, Long An');
	
INSERT INTO HUANLUYENVIEN(MAHLV, TENHLV, NGAYSINH, DIACHI, DIENTHOAI, MAQG) VALUES('HLV01','Vital','1955-10-15',null,'0918011075','BDN');
INSERT INTO HUANLUYENVIEN(MAHLV, TENHLV, NGAYSINH, DIACHI, DIENTHOAI, MAQG) VALUES('HLV02','Lê Huỳnh Đức','1972-05-20',null,'01223456789','VN');
INSERT INTO HUANLUYENVIEN(MAHLV, TENHLV, NGAYSINH, DIACHI, DIENTHOAI, MAQG) VALUES('HLV03','Kiatisuk','1970-12-11',null,'01990123456','THA');
INSERT INTO HUANLUYENVIEN(MAHLV, TENHLV, NGAYSINH, DIACHI, DIENTHOAI, MAQG) VALUES('HLV04','Hoàng Anh Tuấn','1970-06-10',null,'0989112233','VN');
INSERT INTO HUANLUYENVIEN(MAHLV, TENHLV, NGAYSINH, DIACHI, DIENTHOAI, MAQG) VALUES('HLV05','Trần Công Minh','1973-07-07',null,'0909099990','VN');
INSERT INTO HUANLUYENVIEN(MAHLV, TENHLV, NGAYSINH, DIACHI, DIENTHOAI, MAQG) VALUES('HLV06','Trần Văn Phúc','1965-03-02',null,'01650101234','VN');

INSERT INTO CAULACBO (MACLB, TENCLB, MASAN, MATINH) VALUES ('BBD', 'BECAMEX BÌNH DƯƠNG', 'GD', 'BD');
INSERT INTO CAULACBO (MACLB, TENCLB, MASAN, MATINH) VALUES ('HAGL', 'HOÀNG ANH GIA LAI', 'PL', 'GL');
INSERT INTO CAULACBO (MACLB, TENCLB, MASAN, MATINH) VALUES ('SDN', 'SHB ĐÀ NẴNG', 'CL', 'DN');
INSERT INTO CAULACBO (MACLB, TENCLB, MASAN, MATINH) VALUES ('KKH', 'KHATOCO KHÁNH HÒA', 'NT', 'KH');
INSERT INTO CAULACBO (MACLB, TENCLB, MASAN, MATINH) VALUES ('TPY', 'THÉP PHÚ YÊN', 'TH', 'PY');
INSERT INTO CAULACBO (MACLB, TENCLB, MASAN, MATINH) VALUES ('GDT', 'GẠCH ĐỒNG TÂM LONG AN', 'LA', 'LA');
GO

SET IDENTITY_INSERT CAUTHU ON;
INSERT INTO CAUTHU (MACT, HOTEN, VITRI, NGAYSINH, DIACHI, MACLB, MAQG, SO) VALUES (1, 'Nguyễn Vũ Phong', 'Tiền vệ', '1990-02-20', NULL, 'BBD', 'VN', 17);
INSERT INTO CAUTHU (MACT, HOTEN, VITRI, NGAYSINH, DIACHI, MACLB, MAQG, SO) VALUES (2, 'Nguyễn Công Vinh', 'Tiền đạo', '1992-03-10', NULL, 'HAGL', 'VN', 9);
INSERT INTO CAUTHU (MACT, HOTEN, VITRI, NGAYSINH, DIACHI, MACLB, MAQG, SO) VALUES (4, 'Trần Tấn Tài', 'Tiền vệ', '1989-11-12', NULL, 'BBD', 'VN', 8);
INSERT INTO CAUTHU (MACT, HOTEN, VITRI, NGAYSINH, DIACHI, MACLB, MAQG, SO) VALUES (5, 'Phan Hồng Sơn', 'Thủ môn', '1991-06-10', NULL, 'HAGL', 'VN', 1);
INSERT INTO CAUTHU (MACT, HOTEN, VITRI, NGAYSINH, DIACHI, MACLB, MAQG, SO) VALUES (6, 'Ronaldo', 'Tiền vệ', '1989-12-12', NULL, 'SDN', 'BRA', 7);
INSERT INTO CAUTHU (MACT, HOTEN, VITRI, NGAYSINH, DIACHI, MACLB, MAQG, SO) VALUES (7, 'Robinho', 'Tiền vệ', '1989-10-12', NULL, 'SDN', 'BRA', 8);
INSERT INTO CAUTHU (MACT, HOTEN, VITRI, NGAYSINH, DIACHI, MACLB, MAQG, SO) VALUES (8, 'Vidic', 'Hậu vệ', '1987-10-15', NULL, 'HAGL', 'ANH', 3);
INSERT INTO CAUTHU (MACT, HOTEN, VITRI, NGAYSINH, DIACHI, MACLB, MAQG, SO) VALUES (9, 'Trần Văn Santos', 'Thủ môn', '1990-10-21', NULL, 'BBD', 'BRA', 1);
INSERT INTO CAUTHU (MACT, HOTEN, VITRI, NGAYSINH, DIACHI, MACLB, MAQG, SO) VALUES (10, 'Nguyễn Trường Sơn', 'Hậu vệ', '1993-08-26', NULL, 'BBD', 'VN', 4);
SET IDENTITY_INSERT CAUTHU OFF;
GO

INSERT INTO HLV_CLB (MAHLV, MACLB, VAITRO) VALUES ('HLV01', 'BBD', 'HLV Chính');
INSERT INTO HLV_CLB (MAHLV, MACLB, VAITRO) VALUES ('HLV02', 'SDN', 'HLV Chính');
INSERT INTO HLV_CLB (MAHLV, MACLB, VAITRO) VALUES ('HLV03', 'HAGL', 'HLV Chính');
INSERT INTO HLV_CLB (MAHLV, MACLB, VAITRO) VALUES ('HLV04', 'KKH', 'HLV Chính');
INSERT INTO HLV_CLB (MAHLV, MACLB, VAITRO) VALUES ('HLV05', 'GDT', 'HLV Chính');
INSERT INTO HLV_CLB (MAHLV, MACLB, VAITRO) VALUES ('HLV06', 'BBD', 'HLV thủ môn');
GO

SET IDENTITY_INSERT TRANDAU ON;
INSERT INTO TRANDAU (MATRAN, NAM, VONG, NGAYTD, MACLB1, MACLB2, MASAN, KETQUA) VALUES (1, 2009, 1, '2009-02-07', 'BBD', 'SDN', 'GD', '3-0');
INSERT INTO TRANDAU (MATRAN, NAM, VONG, NGAYTD, MACLB1, MACLB2, MASAN, KETQUA) VALUES (2, 2009, 1, '2009-02-07', 'KKH', 'GDT', 'NT', '1-1');
INSERT INTO TRANDAU (MATRAN, NAM, VONG, NGAYTD, MACLB1, MACLB2, MASAN, KETQUA) VALUES (3, 2009, 2, '2009-02-16', 'SDN', 'KKH', 'CL', '2-2');
INSERT INTO TRANDAU (MATRAN, NAM, VONG, NGAYTD, MACLB1, MACLB2, MASAN, KETQUA) VALUES (4, 2009, 2, '2009-02-16', 'TPY', 'BBD', 'TH', '5-0');
INSERT INTO TRANDAU (MATRAN, NAM, VONG, NGAYTD, MACLB1, MACLB2, MASAN, KETQUA) VALUES (5, 2009, 3, '2009-03-01', 'TPY', 'GDT', 'TH', '0-2');
INSERT INTO TRANDAU (MATRAN, NAM, VONG, NGAYTD, MACLB1, MACLB2, MASAN, KETQUA) VALUES (6, 2009, 3, '2009-03-01', 'KKH', 'BBD', 'NT', '0-1');
INSERT INTO TRANDAU (MATRAN, NAM, VONG, NGAYTD, MACLB1, MACLB2, MASAN, KETQUA) VALUES (7, 2009, 4, '2009-03-07', 'KKH', 'TPY', 'NT', '1-0');
INSERT INTO TRANDAU (MATRAN, NAM, VONG, NGAYTD, MACLB1, MACLB2, MASAN, KETQUA) VALUES (8, 2009, 4, '2009-03-07', 'BBD', 'GDT', 'GD', '2-2');
SET IDENTITY_INSERT TRANDAU OFF;
GO

INSERT INTO BANGXH (MACLB, NAM, VONG, SOTRAN, THANG, HOA, THUA, HIEUSO, DIEM, HANG) VALUES ('BBD', 2009, 1, 1, 1, 0, 0, '3-0', 3, 1);
INSERT INTO BANGXH (MACLB, NAM, VONG, SOTRAN, THANG, HOA, THUA, HIEUSO, DIEM, HANG) VALUES ('KKH', 2009, 1, 1, 0, 1, 0, '1-1', 1, 2);
INSERT INTO BANGXH (MACLB, NAM, VONG, SOTRAN, THANG, HOA, THUA, HIEUSO, DIEM, HANG) VALUES ('GDT', 2009, 1, 1, 0, 1, 0, '1-1', 1, 3);
INSERT INTO BANGXH (MACLB, NAM, VONG, SOTRAN, THANG, HOA, THUA, HIEUSO, DIEM, HANG) VALUES ('TPY', 2009, 1, 0, 0, 0, 0, '0-0', 0, 4);
INSERT INTO BANGXH (MACLB, NAM, VONG, SOTRAN, THANG, HOA, THUA, HIEUSO, DIEM, HANG) VALUES ('SDN', 2009, 1, 1, 0, 0, 1, '0-3', 0, 5);
INSERT INTO BANGXH (MACLB, NAM, VONG, SOTRAN, THANG, HOA, THUA, HIEUSO, DIEM, HANG) VALUES ('TPY', 2009, 2, 1, 1, 0, 0, '5-0', 3, 1);
INSERT INTO BANGXH (MACLB, NAM, VONG, SOTRAN, THANG, HOA, THUA, HIEUSO, DIEM, HANG) VALUES ('BBD', 2009, 2, 2, 1, 0, 1, '3-5', 3, 2);
INSERT INTO BANGXH (MACLB, NAM, VONG, SOTRAN, THANG, HOA, THUA, HIEUSO, DIEM, HANG) VALUES ('KKH', 2009, 2, 2, 0, 2, 0, '3-3', 2, 3);
INSERT INTO BANGXH (MACLB, NAM, VONG, SOTRAN, THANG, HOA, THUA, HIEUSO, DIEM, HANG) VALUES ('GDT', 2009, 2, 1, 0, 1, 0, '1-1', 1, 4);
INSERT INTO BANGXH (MACLB, NAM, VONG, SOTRAN, THANG, HOA, THUA, HIEUSO, DIEM, HANG) VALUES ('SDN', 2009, 2, 2, 1, 1, 0, '2-5', 1, 5);
INSERT INTO BANGXH (MACLB, NAM, VONG, SOTRAN, THANG, HOA, THUA, HIEUSO, DIEM, HANG) VALUES ('BBD', 2009, 3, 3, 2, 0, 1, '4-5', 6, 1);
INSERT INTO BANGXH (MACLB, NAM, VONG, SOTRAN, THANG, HOA, THUA, HIEUSO, DIEM, HANG) VALUES ('GDT', 2009, 3, 2, 1, 1, 0, '3-1', 4, 2);
INSERT INTO BANGXH (MACLB, NAM, VONG, SOTRAN, THANG, HOA, THUA, HIEUSO, DIEM, HANG) VALUES ('TPY', 2009, 3, 2, 1, 0, 1, '5-2', 3, 3);
INSERT INTO BANGXH (MACLB, NAM, VONG, SOTRAN, THANG, HOA, THUA, HIEUSO, DIEM, HANG) VALUES ('KKH', 2009, 3, 3, 0, 2, 1, '3-4', 2, 4);
INSERT INTO BANGXH (MACLB, NAM, VONG, SOTRAN, THANG, HOA, THUA, HIEUSO, DIEM, HANG) VALUES ('SDN', 2009, 3, 2, 1, 1, 0, '2-5', 1, 5);
INSERT INTO BANGXH (MACLB, NAM, VONG, SOTRAN, THANG, HOA, THUA, HIEUSO, DIEM, HANG) VALUES ('BBD', 2009, 4, 4, 2, 1, 1, '6-7', 7, 1);
INSERT INTO BANGXH (MACLB, NAM, VONG, SOTRAN, THANG, HOA, THUA, HIEUSO, DIEM, HANG) VALUES ('GDT', 2009, 4, 3, 1, 2, 0, '5-1', 5, 2);
INSERT INTO BANGXH (MACLB, NAM, VONG, SOTRAN, THANG, HOA, THUA, HIEUSO, DIEM, HANG) VALUES ('KKH', 2009, 4, 4, 1, 2, 1, '4-4', 5, 3);
INSERT INTO BANGXH (MACLB, NAM, VONG, SOTRAN, THANG, HOA, THUA, HIEUSO, DIEM, HANG) VALUES ('TPY', 2009, 4, 3, 1, 0, 2, '5-3', 3, 4);
INSERT INTO BANGXH (MACLB, NAM, VONG, SOTRAN, THANG, HOA, THUA, HIEUSO, DIEM, HANG) VALUES ('SDN', 2009, 4, 2, 1, 1, 0, '2-5', 1, 5);
GO